{"cameraMode":{"drawMode":0,"name":"Shaded","section":"Shading Mode"},"sceneLighting":true,"audioPlay":false,"sceneViewState":{"showFog":true,"showMaterialUpdate":true,"showSkybox":true,"showFlares":true,"showImageEffects":true,"showParticleSystems":true},"in2DMode":false,"pivot":{"x":-1.6150603294372559,"y":2.5872981548309328,"z":-0.7112383246421814},"rotation":{"x":0.14680615067481996,"y":-0.6271089315414429,"z":0.12190671265125275,"w":0.755195677280426},"size":14.229546546936036,"orthographic":false}