{"cameraMode":{"drawMode":0,"name":"Shaded","section":"Shading Mode"},"sceneLighting":false,"audioPlay":false,"sceneViewState":{"showFog":true,"showMaterialUpdate":true,"showSkybox":false,"showFlares":true,"showImageEffects":true,"showParticleSystems":true},"in2DMode":false,"pivot":{"x":-2.6426758766174318,"y":4.542344093322754,"z":-2.461289882659912},"rotation":{"x":-0.009422378614544869,"y":0.19228598475456239,"z":0.0018463501473888755,"w":0.981292188167572},"size":3.921011447906494,"orthographic":true}