{"cameraMode":{"drawMode":0,"name":"Shaded","section":"Shading Mode"},"sceneLighting":false,"audioPlay":false,"sceneViewState":{"showFog":true,"showMaterialUpdate":true,"showSkybox":false,"showFlares":true,"showImageEffects":true,"showParticleSystems":true},"in2DMode":false,"pivot":{"x":-0.0008620023727416992,"y":0.0,"z":0.00031375885009765625},"rotation":{"x":0.20573298633098603,"y":-0.5263655185699463,"z":0.13300268352031709,"w":0.8142015337944031},"size":3.55591082572937,"orthographic":false}