{"cameraMode":{"drawMode":0,"name":"Shaded","section":"Shading Mode"},"sceneLighting":false,"audioPlay":false,"sceneViewState":{"showFog":true,"showMaterialUpdate":true,"showSkybox":false,"showFlares":true,"showImageEffects":true,"showParticleSystems":true},"in2DMode":false,"pivot":{"x":-1.812999963760376,"y":3.1659998893737795,"z":-3.609999895095825},"rotation":{"x":-0.15840433537960053,"y":0.24797961115837098,"z":-0.04113893210887909,"w":-0.9548444747924805},"size":0.8573654294013977,"orthographic":false}