{"cameraMode":{"drawMode":0,"name":"Shaded","section":"Shading Mode"},"sceneLighting":false,"audioPlay":false,"sceneViewState":{"showFog":true,"showMaterialUpdate":true,"showSkybox":false,"showFlares":true,"showImageEffects":true,"showParticleSystems":true},"in2DMode":false,"pivot":{"x":-4.294849395751953,"y":3.2388954162597658,"z":255.6488800048828},"rotation":{"x":-0.06482672691345215,"y":0.8241020441055298,"z":-0.09635934233665467,"w":-0.5544148087501526},"size":10.768645286560059,"orthographic":false}