{"cameraMode":{"drawMode":0,"name":"Shaded","section":"Shading Mode"},"sceneLighting":true,"audioPlay":false,"sceneViewState":{"showFog":true,"showMaterialUpdate":true,"showSkybox":true,"showFlares":true,"showImageEffects":true,"showParticleSystems":true},"in2DMode":false,"pivot":{"x":-11.313240051269532,"y":1.7682318687438965,"z":0.8210549354553223},"rotation":{"x":-0.061528753489255908,"y":0.61171954870224,"z":-0.04781121015548706,"w":-0.7872277498245239},"size":24.703285217285158,"orthographic":false}