{"cameraMode":{"drawMode":0,"name":"Shaded","section":"Shading Mode"},"sceneLighting":false,"audioPlay":false,"sceneViewState":{"showFog":true,"showMaterialUpdate":true,"showSkybox":false,"showFlares":true,"showImageEffects":true,"showParticleSystems":true},"in2DMode":false,"pivot":{"x":-10.23199462890625,"y":-16.321399688720704,"z":-4.695034027099609},"rotation":{"x":0.032593172043561938,"y":0.9438521265983582,"z":-0.09803995490074158,"w":0.31380951404571535},"size":9.444808006286621,"orthographic":false}