{"cameraMode":{"drawMode":0,"name":"Shaded","section":"Shading Mode"},"sceneLighting":true,"audioPlay":false,"sceneViewState":{"showFog":true,"showMaterialUpdate":true,"showSkybox":true,"showFlares":true,"showImageEffects":true,"showParticleSystems":true},"in2DMode":false,"pivot":{"x":8.256872177124024,"y":21.169641494750978,"z":14.023962020874024},"rotation":{"x":-0.11205628514289856,"y":0.7053345441818237,"z":-0.11437845230102539,"w":-0.6906705498695374},"size":5.734918117523193,"orthographic":false}